{"cameraMode":{"drawMode":0,"name":"Shaded","section":"Shading Mode"},"sceneLighting":true,"audioPlay":false,"sceneViewState":{"m_AlwaysRefresh":false,"showFog":true,"showSkybox":true,"showFlares":true,"showImageEffects":true,"showParticleSystems":true,"showVisualEffectGraphs":true,"m_FxEnabled":true},"in2DMode":false,"pivot":{"x":25.26762580871582,"y":-10.425877571105957,"z":9.820367813110352},"rotation":{"x":-0.014901281334459782,"y":-0.9156087040901184,"z":0.4003472626209259,"w":-0.034079741686582568},"size":18.680665969848634,"orthographic":false}