{"cameraMode":{"drawMode":0,"name":"Shaded","section":"Shading Mode"},"sceneLighting":true,"audioPlay":false,"sceneViewState":{"m_AlwaysRefresh":false,"showFog":true,"showSkybox":true,"showFlares":true,"showImageEffects":true,"showParticleSystems":true,"showVisualEffectGraphs":true,"m_FxEnabled":true},"in2DMode":false,"pivot":{"x":-3.5415327548980715,"y":-1.9112024307250977,"z":3.1624765396118166},"rotation":{"x":-0.4769810140132904,"y":-0.05632124841213226,"z":0.030612247064709665,"w":-0.8766217827796936},"size":10.30942440032959,"orthographic":false}