{"cameraMode":{"drawMode":0,"name":"Shaded","section":"Shading Mode"},"sceneLighting":true,"audioPlay":false,"sceneViewState":{"m_AlwaysRefresh":false,"showFog":true,"showSkybox":true,"showFlares":true,"showImageEffects":true,"showParticleSystems":true,"showVisualEffectGraphs":true,"m_FxEnabled":true},"in2DMode":false,"pivot":{"x":12.392436981201172,"y":0.7058714032173157,"z":0.6193117499351502},"rotation":{"x":-0.44316574931144717,"y":-0.2051030546426773,"z":0.10488680750131607,"w":-0.8663820624351502},"size":10.30942440032959,"orthographic":false}