{"cameraMode":{"drawMode":0,"name":"Shaded","section":"Shading Mode"},"sceneLighting":true,"audioPlay":false,"sceneViewState":{"m_AlwaysRefresh":false,"showFog":true,"showSkybox":true,"showFlares":true,"showImageEffects":true,"showParticleSystems":true,"showVisualEffectGraphs":true,"m_FxEnabled":true},"in2DMode":false,"pivot":{"x":-3.679363250732422,"y":0.09179719537496567,"z":-0.9143720865249634},"rotation":{"x":0.03185523301362991,"y":0.9078041315078735,"z":-0.41228944063186648,"w":0.07014516741037369},"size":3.0389533042907717,"orthographic":false}