{"cameraMode":{"drawMode":0,"name":"Shaded","section":"Shading Mode"},"sceneLighting":true,"audioPlay":false,"sceneViewState":{"m_AlwaysRefresh":false,"showFog":true,"showSkybox":true,"showFlares":true,"showImageEffects":true,"showParticleSystems":true,"showVisualEffectGraphs":true,"m_FxEnabled":true},"in2DMode":false,"pivot":{"x":2.7776894569396974,"y":3.0977659225463869,"z":-0.9709725975990295},"rotation":{"x":-0.21429497003555299,"y":-0.7767190337181091,"z":0.3463008403778076,"w":-0.48058953881263735},"size":6.774275779724121,"orthographic":false}