{"cameraMode":{"drawMode":0,"name":"Shaded","section":"Shading Mode"},"sceneLighting":true,"audioPlay":false,"sceneViewState":{"m_AlwaysRefresh":false,"showFog":true,"showSkybox":true,"showFlares":true,"showImageEffects":true,"showParticleSystems":true,"showVisualEffectGraphs":true,"m_FxEnabled":true},"in2DMode":false,"pivot":{"x":-106.79000091552735,"y":1.239999771118164,"z":91.44000244140625},"rotation":{"x":0.13235346972942353,"y":-0.8239323496818543,"z":0.21109062433242799,"w":0.5097306370735169},"size":1.5949363708496094,"orthographic":false}