{"cameraMode":{"drawMode":0,"name":"Shaded","section":"Shading Mode"},"sceneLighting":true,"audioPlay":false,"sceneViewState":{"m_AlwaysRefresh":false,"showFog":true,"showSkybox":true,"showFlares":true,"showImageEffects":true,"showParticleSystems":true,"showVisualEffectGraphs":true,"m_FxEnabled":true},"in2DMode":false,"pivot":{"x":1.3087960481643677,"y":1.2973394393920899,"z":-8.312926292419434},"rotation":{"x":-0.03985239192843437,"y":-0.9453595280647278,"z":0.29804539680480959,"w":-0.12637582421302796},"size":6.774275779724121,"orthographic":false}