{"cameraMode":{"drawMode":0,"name":"Shaded","section":"Shading Mode"},"sceneLighting":true,"audioPlay":false,"sceneViewState":{"m_AlwaysRefresh":false,"showFog":true,"showSkybox":true,"showFlares":true,"showImageEffects":true,"showParticleSystems":true,"showVisualEffectGraphs":true,"m_FxEnabled":true},"in2DMode":false,"pivot":{"x":27.53551483154297,"y":-0.43204545974731448,"z":19.9779052734375},"rotation":{"x":0.6873194575309753,"y":-0.0026148525066673757,"z":0.002474353415891528,"w":0.7263466119766235},"size":2.4301140308380129,"orthographic":false}