{"cameraMode":{"drawMode":0,"name":"Shaded","section":"Shading Mode"},"sceneLighting":true,"audioPlay":false,"sceneViewState":{"m_AlwaysRefresh":false,"showFog":true,"showSkybox":true,"showFlares":true,"showImageEffects":true,"showParticleSystems":true,"showVisualEffectGraphs":true,"m_FxEnabled":true},"in2DMode":false,"pivot":{"x":17.380884170532228,"y":128.9761505126953,"z":148.33880615234376},"rotation":{"x":0.01504198182374239,"y":-0.9241796731948853,"z":0.3808342218399048,"w":0.03462129831314087},"size":12.12435531616211,"orthographic":false}