{"cameraMode":{"drawMode":0,"name":"Shaded","section":"Shading Mode"},"sceneLighting":true,"audioPlay":false,"sceneViewState":{"m_AlwaysRefresh":false,"showFog":true,"showSkybox":true,"showFlares":true,"showImageEffects":true,"showParticleSystems":true,"showVisualEffectGraphs":true,"m_FxEnabled":true},"in2DMode":false,"pivot":{"x":14.524023056030274,"y":0.49370914697647097,"z":24.077190399169923},"rotation":{"x":0.485411673784256,"y":-0.5146090388298035,"z":0.49901261925697329,"w":0.5006070733070374},"size":3.006499767303467,"orthographic":true}