{"cameraMode":{"drawMode":0,"name":"Shaded","section":"Shading Mode"},"sceneLighting":true,"audioPlay":false,"sceneViewState":{"m_AlwaysRefresh":false,"showFog":true,"showSkybox":true,"showFlares":true,"showImageEffects":true,"showParticleSystems":true,"showVisualEffectGraphs":true,"m_FxEnabled":true},"in2DMode":false,"pivot":{"x":3.191568374633789,"y":4.157659530639648,"z":-13.026680946350098},"rotation":{"x":0.24721260368824006,"y":-0.0859280601143837,"z":0.022014271467924119,"w":0.9649068713188171},"size":3.0389533042907717,"orthographic":false}