{"cameraMode":{"drawMode":0,"name":"Shaded","section":"Shading Mode"},"sceneLighting":true,"audioPlay":false,"sceneViewState":{"m_AlwaysRefresh":false,"showFog":true,"showSkybox":true,"showFlares":true,"showImageEffects":true,"showParticleSystems":true,"showVisualEffectGraphs":true,"m_FxEnabled":true},"in2DMode":false,"pivot":{"x":23.978029251098634,"y":-23.948720932006837,"z":2.738865375518799},"rotation":{"x":-0.44316574931144717,"y":-0.2051030546426773,"z":0.10488680750131607,"w":-0.8663820624351502},"size":18.307640075683595,"orthographic":false}