{"cameraMode":{"drawMode":0,"name":"Shaded","section":"Shading Mode"},"sceneLighting":true,"audioPlay":false,"sceneViewState":{"m_AlwaysRefresh":false,"showFog":true,"showSkybox":true,"showFlares":true,"showImageEffects":true,"showParticleSystems":true,"showVisualEffectGraphs":true,"m_FxEnabled":true},"in2DMode":false,"pivot":{"x":9.362753868103028,"y":-14.77900218963623,"z":-20.925167083740236},"rotation":{"x":0.01309202890843153,"y":-0.9550418257713318,"z":0.29323145747184756,"w":0.04271918907761574},"size":19.372295379638673,"orthographic":false}